"age","Australia_Male","Austria_Male","Belgium_Male","Bulgaria_Male","Canada_Male","Czech Republic_Male","Denmark_Male","Estonia_Male","Finland_Male","France_Male","Germany_Male","Hungary_Male","Ireland_Male","Italy_Male","Japan_Male","Latvia_Male","Lithuania_Male","Luxembourg_Male","Netherlands_Male","Poland_Male","Portugal_Male","Russia_Male","Slovakia_Male","Slovenia_Male","Spain_Male","Sweden_Male","United Kingdom_Male","United States_Male","Australia_Female","Austria_Female","Belgium_Female","Bulgaria_Female","Canada_Female","Czech Republic_Female","Denmark_Female","Estonia_Female","Finland_Female","France_Female","Germany_Female","Hungary_Female","Ireland_Female","Italy_Female","Japan_Female","Latvia_Female","Lithuania_Female","Luxembourg_Female","Netherlands_Female","Poland_Female","Portugal_Female","Russia_Female","Slovakia_Female","Slovenia_Female","Spain_Female","Sweden_Female","United Kingdom_Female","United States_Female"
0,100000,100000,100000,100000,100000,100000,100000,100000,100000,100000,100000,100000,100000,100000,100000,100000,100000,100000,100000,100000,100000,100000,100000,100000,100000,100000,100000,100000,100000,100000,100000,100000,100000,100000,100000,100000,100000,100000,100000,100000,100000,100000,100000,100000,100000,100000,100000,100000,100000,100000,100000,100000,100000,100000,100000,100000
1,99528,99600,99620,98938,99488,99698,99689,99582,99740,99586,99614,99468,99630,99631,99738,99249,99332,99828,99585,99395,99596,99080,99316,99778,99666,99742,99489,99284,99649,99649,99692,99187,99523,99734,99712,99703,99719,99664,99698,99506,99721,99686,99787,99292,99533,99671,99649,99493,99693,99279,99526,99747,99713,99759,99583,99415
2,99495,99572,99570,98887,99453,99674,99663,99521,99723,99554,99576,99433,99587,99607,99697,99179,99299,99793,99554,99362,99555,98988,99246,99750,99637,99701,99458,99237,99616,99607,99651,99102,99503,99701,99678,99652,99705,99638,99672,99469,99661,99664,99752,99240,99519,99671,99624,99461,99657,99205,99486,99727,99682,99735,99558,99376
3,99471,99545,99549,98854,99433,99646,99657,99521,99717,99531,99557,99417,99556,99591,99677,99140,99252,99793,99530,99336,99530,98934,99217,99731,99618,99675,99439,99206,99603,99584,99634,99049,99489,99688,99647,99625,99691,99619,99658,99452,99649,99653,99735,99192,99477,99671,99609,99443,99639,99160,99444,99717,99669,99718,99538,99351
4,99458,99528,99528,98795,99421,99637,99654,99521,99707,99513,99543,99393,99541,99581,99662,99109,99217,99793,99514,99320,99515,98886,99181,99731,99598,99653,99428,99182,99588,99576,99622,99016,99477,99681,99631,99610,99681,99607,99645,99431,99643,99645,99719,99173,99455,99635,99595,99424,99626,99130,99414,99706,99657,99700,99522,99332
5,99444,99521,99511,98769,99410,99627,99642,99507,99697,99504,99526,99382,99526,99569,99648,99071,99210,99660,99505,99308,99501,98847,99160,99710,99583,99645,99419,99164,99575,99561,99614,98988,99467,99670,99625,99610,99674,99596,99634,99423,99637,99636,99708,99153,99433,99635,99583,99408,99618,99099,99379,99695,99644,99699,99509,99317
6,99427,99507,99501,98721,99393,99619,99639,99507,99680,99491,99516,99369,99520,99561,99636,99043,99176,99627,99499,99288,99492,98805,99145,99699,99569,99638,99408,99149,99564,99556,99605,98969,99456,99664,99619,99550,99667,99587,99624,99412,99627,99629,99696,99127,99419,99635,99571,99400,99609,99071,99368,99695,99636,99691,99498,99304
7,99416,99497,99492,98678,99383,99600,99630,99507,99680,99480,99505,99355,99516,99553,99625,99018,99162,99594,99489,99273,99483,98772,99119,99688,99558,99627,99397,99136,99555,99554,99593,98953,99450,99644,99603,99518,99663,99579,99615,99402,99614,99621,99686,99102,99419,99635,99562,99384,99599,99044,99352,99649,99630,99685,99490,99291
8,99406,99490,99486,98642,99367,99596,99621,99477,99670,99470,99496,99341,99497,99540,99616,98982,99128,99594,99475,99261,99472,98735,99096,99666,99550,99615,99390,99123,99551,99543,99576,98934,99441,99635,99591,99502,99656,99572,99604,99389,99607,99612,99679,99086,99412,99635,99551,99369,99592,99020,99344,99638,99619,99670,99483,99282
9,99398,99480,99483,98630,99360,99583,99615,99477,99666,99462,99488,99327,99497,99535,99607,98936,99096,99594,99461,99242,99455,98701,99081,99656,99544,99601,99379,99111,99542,99533,99567,98921,99433,99622,99585,99502,99649,99563,99598,99381,99601,99604,99671,99070,99405,99635,99547,99355,99577,98996,99328,99626,99612,99664,99476,99272
10,99388,99469,99474,98595,99350,99573,99612,99477,99656,99455,99481,99311,99491,99526,99598,98895,99091,99594,99454,99229,99443,98666,99070,99645,99535,99590,99371,99097,99532,99519,99557,98906,99425,99617,99582,99486,99645,99555,99593,99368,99601,99594,99665,99043,99380,99602,99540,99346,99570,98975,99324,99626,99603,99659,99465,99260
11,99376,99455,99465,98577,99338,99560,99609,99477,99643,99446,99472,99307,99481,99516,99589,98858,99057,99562,99448,99212,99431,98631,99039,99624,99525,99578,99363,99085,99520,99511,99545,98890,99415,99608,99575,99486,99638,99548,99584,99359,99590,99589,99657,99026,99368,99602,99534,99334,99563,98954,99306,99626,99594,99653,99458,99250
12,99370,99448,99449,98548,99333,99540,99601,99461,99636,99435,99463,99291,99478,99504,99582,98814,99013,99562,99438,99200,99413,98599,99022,99614,99513,99572,99353,99069,99509,99509,99540,98879,99409,99597,99566,99486,99628,99541,99575,99347,99583,99582,99653,99020,99350,99602,99528,99322,99550,98927,99278,99626,99588,99644,99448,99238
13,99360,99438,99437,98511,99318,99523,99584,99461,99633,99424,99455,99276,99468,99489,99575,98761,98986,99531,99424,99183,99396,98559,99009,99604,99499,99560,99343,99054,99499,99500,99528,98850,99400,99585,99564,99486,99621,99535,99567,99331,99576,99575,99645,99003,99328,99602,99522,99310,99543,98907,99257,99626,99579,99642,99438,99226
14,99345,99427,99418,98461,99308,99511,99576,99415,99617,99414,99446,99247,99451,99478,99563,98727,98950,99499,99413,99168,99389,98515,98990,99594,99483,99549,99330,99035,99491,99487,99522,98837,99392,99579,99555,99470,99605,99525,99558,99314,99569,99567,99637,98977,99300,99602,99514,99289,99528,98877,99240,99616,99572,99638,99427,99213
15,99331,99398,99407,98425,99288,99475,99565,99385,99602,99394,99427,99223,99426,99458,99551,98704,98916,99499,99400,99136,99373,98462,98963,99594,99470,99522,99315,99011,99479,99463,99512,98810,99375,99565,99546,99470,99586,99511,99545,99297,99551,99558,99629,98953,99285,99602,99498,99267,99517,98840,99227,99616,99564,99620,99414,99198
16,99301,99369,99390,98373,99260,99446,99551,99357,99558,99365,99406,99184,99388,99431,99537,98646,98856,99467,99385,99096,99352,98391,98940,99584,99448,99504,99290,98977,99464,99440,99492,98783,99356,99545,99535,99455,99574,99497,99530,99285,99532,99549,99619,98923,99261,99602,99486,99245,99506,98794,99213,99575,99547,99603,99399,99178
17,99263,99322,99367,98296,99226,99409,99513,99357,99523,99336,99381,99151,99346,99392,99509,98580,98748,99467,99362,99053,99313,98306,98906,99565,99424,99489,99261,98926,99449,99428,99465,98762,99333,99523,99523,99428,99562,99478,99512,99247,99518,99533,99606,98892,99217,99602,99471,99224,99495,98744,99190,99555,99534,99579,99379,99152
18,99214,99271,99329,98234,99175,99374,99474,99334,99453,99292,99344,99110,99286,99354,99477,98518,98587,99467,99334,98987,99266,98181,98862,99538,99392,99449,99212,98858,99423,99408,99456,98736,99308,99505,99500,99428,99541,99456,99496,99229,99489,99518,99589,98872,99192,99602,99456,99197,99469,98686,99174,99545,99515,99555,99360,99120
19,99158,99189,99277,98164,99114,99312,99417,99261,99361,99232,99293,99054,99179,99308,99436,98431,98429,99368,99298,98887,99214,98018,98810,99451,99336,99423,99155,98763,99397,99384,99421,98689,99278,99496,99464,99417,99514,99440,99473,99208,99453,99500,99572,98859,99163,99602,99432,99170,99446,98615,99151,99509,99499,99537,99337,99083
20,99092,99106,99209,98079,99030,99248,99374,99158,99293,99168,99245,99003,99083,99256,99391,98336,98277,99335,99257,98786,99152,97835,98742,99377,99297,99358,99092,98658,99371,99360,99397,98649,99248,99464,99446,99388,99465,99417,99452,99181,99430,99481,99549,98828,99112,99531,99410,99143,99418,98547,99117,99500,99481,99518,99313,99045
21,99029,99017,99145,97986,98960,99194,99330,99024,99219,99103,99186,98919,98965,99196,99337,98226,98105,99267,99216,98670,99085,97626,98627,99301,99262,99306,99029,98541,99341,99334,99377,98618,99217,99427,99433,99359,99427,99392,99430,99155,99398,99459,99521,98785,99060,99531,99392,99120,99387,98474,99097,99475,99458,99494,99288,99006
22,98963,98935,99049,97892,98883,99110,99291,98926,99126,99023,99137,98838,98838,99145,99278,98079,97915,99166,99172,98562,99004,97391,98531,99194,99216,99233,98963,98410,99320,99314,99348,98585,99190,99391,99408,99341,99408,99365,99409,99127,99366,99438,99495,98747,99004,99531,99367,99096,99351,98397,99070,99451,99437,99475,99261,98962
23,98905,98884,98966,97786,98810,99023,99212,98818,99034,98952,99083,98756,98766,99078,99212,97939,97725,99099,99129,98449,98910,97124,98472,99088,99172,99180,98905,98285,99301,99280,99308,98545,99161,99360,99386,99322,99373,99342,99384,99098,99330,99418,99466,98708,98966,99531,99347,99070,99327,98323,99056,99420,99419,99452,99240,98918
24,98837,98791,98897,97659,98731,98932,99148,98669,98905,98870,99036,98687,98641,99025,99153,97808,97506,99099,99086,98337,98853,96849,98388,99025,99125,99105,98841,98153,99276,99257,99283,98516,99132,99327,99345,99205,99323,99317,99360,99077,99293,99395,99435,98666,98919,99531,99331,99045,99296,98242,99035,99397,99397,99430,99214,98870
25,98765,98729,98819,97543,98658,98855,99091,98464,98819,98787,98980,98612,98550,98972,99091,97659,97287,99068,99041,98237,98782,96541,98282,98936,99075,99024,98775,98022,99244,99232,99258,98471,99103,99303,99338,99110,99299,99291,99338,99059,99273,99374,99408,98617,98879,99531,99318,99015,99272,98154,99017,99397,99380,99408,99191,98819
26,98689,98663,98751,97440,98585,98800,99004,98272,98705,98704,98921,98540,98426,98911,99035,97475,97038,99037,98988,98130,98707,96186,98208,98863,99019,98965,98704,97893,99214,99214,99232,98418,99066,99283,99309,99035,99272,99264,99316,99040,99242,99356,99376,98567,98825,99499,99291,98995,99241,98048,98992,99382,99356,99381,99161,98770
27,98607,98582,98666,97331,98508,98727,98930,97991,98613,98618,98863,98470,98318,98853,98975,97253,96821,98948,98929,98019,98637,95790,98106,98785,98960,98896,98625,97758,99177,99193,99204,98358,99033,99256,99273,98967,99229,99232,99289,99024,99212,99336,99342,98510,98783,99469,99270,98965,99209,97933,98965,99368,99336,99370,99133,98714
28,98526,98532,98595,97199,98431,98630,98850,97732,98532,98539,98798,98406,98212,98798,98915,97019,96589,98892,98890,97909,98561,95352,97997,98705,98908,98826,98553,97628,99135,99170,99180,98330,98997,99231,99240,98937,99196,99200,99264,98988,99177,99313,99311,98452,98743,99412,99237,98940,99180,97804,98923,99347,99315,99339,99102,98659
29,98445,98460,98501,97089,98365,98545,98781,97410,98426,98442,98736,98309,98130,98743,98849,96744,96368,98865,98848,97799,98464,94861,97889,98602,98850,98774,98470,97493,99111,99135,99135,98263,98965,99199,99212,98917,99156,99170,99238,98959,99138,99294,99279,98393,98688,99412,99218,98902,99155,97663,98903,99333,99293,99314,99066,98598
30,98363,98379,98422,96968,98278,98454,98719,97138,98303,98361,98673,98205,98036,98684,98780,96406,96074,98781,98801,97683,98374,94333,97813,98507,98794,98684,98390,97350,99066,99098,99090,98209,98926,99179,99173,98864,99114,99139,99211,98928,99088,99271,99244,98347,98623,99412,99187,98867,99129,97509,98864,99281,99268,99292,99027,98534
31,98282,98306,98333,96853,98196,98362,98640,96812,98180,98274,98604,98096,97917,98623,98711,96098,95806,98641,98753,97541,98284,93733,97697,98402,98739,98614,98299,97213,99024,99061,99040,98139,98891,99145,99132,98822,99083,99104,99184,98896,99029,99248,99213,98287,98549,99385,99167,98826,99093,97334,98818,99267,99245,99265,98987,98468
32,98193,98231,98243,96726,98111,98282,98572,96505,98030,98189,98529,97993,97824,98557,98643,95854,95496,98641,98708,97395,98187,93115,97596,98295,98677,98550,98218,97069,98991,99040,99015,98082,98848,99110,99086,98779,99038,99069,99152,98849,98995,99222,99173,98196,98481,99331,99136,98784,99059,97154,98780,99254,99220,99247,98944,98403
33,98088,98166,98162,96574,98034,98178,98496,96196,97890,98087,98457,97886,97725,98495,98568,95585,95177,98562,98648,97242,98093,92488,97514,98200,98617,98483,98126,96926,98951,99000,98966,98027,98802,99072,99057,98726,99014,99031,99113,98805,98955,99197,99134,98112,98386,99196,99095,98737,99017,96968,98748,99247,99192,99217,98901,98331
34,97984,98084,98080,96411,97950,98062,98414,95977,97758,97987,98392,97774,97611,98435,98500,95268,94805,98536,98591,97080,97981,91829,97393,98158,98552,98420,98031,96783,98920,98962,98922,97947,98759,99012,99020,98704,98954,98985,99080,98759,98909,99168,99094,98021,98283,99143,99058,98691,98962,96776,98705,99214,99159,99184,98855,98252
35,97876,98008,97979,96230,97861,97950,98312,95692,97630,97881,98310,97635,97461,98368,98416,94914,94378,98457,98535,96901,97846,91170,97267,98016,98474,98356,97922,96630,98873,98930,98866,97851,98699,98966,98974,98651,98895,98927,99035,98696,98864,99135,99049,97914,98173,99143,99023,98640,98912,96578,98659,99187,99125,99148,98797,98170
36,97762,97934,97853,96040,97773,97850,98232,95470,97515,97758,98221,97507,97316,98294,98328,94557,93969,98351,98462,96690,97696,90487,97104,97911,98398,98255,97793,96470,98826,98899,98819,97782,98649,98910,98911,98533,98852,98871,98997,98619,98786,99095,99000,97830,98040,99117,98981,98575,98845,96357,98614,99152,99083,99118,98736,98086
37,97643,97850,97749,95850,97683,97724,98129,95201,97353,97626,98135,97332,97148,98220,98238,94186,93552,98145,98392,96497,97549,89814,96945,97793,98310,98175,97669,96304,98766,98837,98776,97682,98591,98850,98843,98448,98790,98817,98950,98540,98744,99059,98951,97704,97938,99091,98929,98506,98768,96138,98555,99083,99035,99070,98674,97993
38,97527,97740,97631,95601,97582,97576,98019,94907,97171,97484,98040,97128,97014,98138,98136,93792,93045,98023,98321,96264,97388,89141,96761,97686,98218,98101,97539,96129,98706,98799,98718,97579,98526,98791,98797,98334,98721,98754,98895,98446,98676,99019,98893,97534,97820,99091,98872,98445,98699,95910,98472,99013,98991,99031,98605,97890
39,97397,97610,97490,95399,97467,97399,97861,94641,97048,97340,97932,96914,96884,98053,98027,93388,92598,97903,98243,96010,97218,88444,96563,97589,98107,97997,97397,95943,98639,98739,98629,97465,98452,98732,98756,98190,98677,98683,98838,98349,98583,98974,98829,97378,97703,99043,98809,98359,98615,95681,98401,98971,98934,98962,98530,97779
40,97271,97502,97341,95148,97345,97235,97716,94348,96847,97173,97821,96654,96703,97960,97905,92979,92066,97785,98147,95708,97008,87735,96332,97431,97995,97927,97247,95747,98560,98674,98548,97340,98382,98643,98677,98098,98603,98603,98773,98223,98511,98925,98764,97193,97518,98970,98739,98261,98520,95425,98303,98893,98882,98897,98448,97661
41,97120,97366,97203,94835,97212,97053,97586,93995,96631,96991,97691,96379,96548,97855,97774,92577,91537,97715,98045,95399,96780,86927,96063,97215,97856,97835,97076,95537,98497,98624,98454,97216,98301,98577,98599,97906,98516,98514,98702,98096,98443,98868,98696,96989,97292,98898,98658,98155,98406,95144,98195,98837,98818,98822,98348,97529
42,96954,97222,97031,94523,97073,96846,97432,93612,96397,96791,97551,96064,96374,97737,97629,92164,90903,97511,97933,95032,96563,86147,95751,97053,97707,97752,96898,95304,98418,98545,98360,97082,98214,98478,98502,97807,98424,98418,98620,97944,98364,98798,98615,96775,97085,98898,98575,98029,98312,94864,98076,98777,98731,98766,98247,97385
43,96798,97028,96859,94154,96926,96626,97229,93254,96199,96577,97406,95623,96192,97607,97475,91630,90267,97466,97813,94637,96296,85311,95408,96842,97547,97636,96709,95052,98319,98467,98233,96922,98114,98367,98376,97651,98308,98303,98532,97790,98237,98731,98534,96544,96916,98874,98477,97905,98197,94577,97942,98682,98644,98690,98139,97229
44,96626,96862,96669,93776,96767,96379,97011,92879,95960,96342,97226,95192,96028,97466,97310,90979,89595,97240,97695,94249,96006,84444,94980,96524,97373,97483,96510,94787,98224,98368,98115,96720,98008,98248,98265,97596,98200,98182,98429,97586,98112,98647,98447,96327,96685,98803,98357,97763,98087,94267,97787,98569,98555,98609,98022,97058
45,96443,96694,96448,93324,96581,96086,96829,92460,95723,96085,97022,94715,95829,97314,97122,90325,89002,97064,97524,93806,95703,83540,94576,96284,97181,97330,96293,94488,98108,98257,97985,96542,97884,98096,98170,97427,98065,98041,98317,97364,98030,98561,98342,96096,96429,98658,98241,97609,97955,93939,97609,98512,98459,98500,97885,96865
46,96240,96474,96229,92826,96389,95804,96626,91892,95392,95811,96794,94130,95616,97139,96923,89657,88198,96841,97355,93306,95395,82529,94192,96073,96946,97177,96065,94163,97987,98150,97847,96315,97752,97938,98000,97188,97926,97886,98186,97062,97873,98452,98236,95803,96181,98585,98105,97426,97812,93583,97417,98371,98344,98380,97734,96655
47,96049,96205,95948,92235,96156,95476,96386,91256,95047,95508,96543,93489,95370,96957,96706,88864,87405,96632,97181,92775,95042,81506,93742,95715,96699,97009,95816,93809,97839,98019,97704,96057,97599,97789,97855,96935,97773,97732,98038,96778,97700,98342,98119,95493,95915,98484,97951,97220,97684,93208,97216,98216,98213,98243,97580,96424
48,95822,95936,95684,91618,95928,95089,96094,90539,94703,95161,96250,92691,95151,96759,96466,88050,86575,96464,96977,92155,94593,80412,93160,95358,96416,96810,95568,93424,97680,97871,97534,95766,97427,97593,97656,96734,97626,97550,97875,96433,97501,98218,97996,95174,95575,98357,97784,97001,97493,92820,96993,98055,98072,98118,97416,96172
49,95563,95600,95366,90965,95670,94681,95765,89859,94302,94790,95920,91819,94865,96538,96211,87265,85634,96215,96745,91490,94179,79296,92567,94936,96121,96624,95294,93009,97515,97700,97285,95479,97259,97382,97442,96520,97420,97359,97697,96114,97323,98081,97863,94816,95227,98177,97601,96743,97281,92407,96771,97844,97932,97967,97234,95900
50,95318,95245,95018,90244,95373,94162,95418,89164,93813,94386,95562,90921,94612,96287,95931,86281,84542,95914,96509,90787,93705,78096,91876,94519,95789,96373,94998,92563,97353,97515,97074,95142,97059,97156,97203,96239,97206,97146,97492,95719,97115,97912,97710,94454,94913,97883,97396,96464,97102,91965,96501,97662,97758,97832,97037,95615
51,95026,94873,94587,89410,95038,93669,95032,88169,93332,93919,95165,89939,94285,96011,95610,85219,83570,95533,96229,89976,93197,76720,91193,94013,95423,96077,94676,92070,97163,97313,96845,94783,96846,96913,96976,95926,96992,96917,97273,95257,96941,97738,97555,94056,94491,97521,97137,96149,96877,91465,96150,97410,97573,97683,96804,95302
52,94710,94473,94139,88489,94691,93081,94568,87216,92846,93422,94698,88721,93857,95720,95273,84209,82445,95094,95890,89121,92696,75377,90314,93580,95033,95801,94310,91532,96931,97082,96549,94417,96623,96643,96731,95621,96728,96651,97037,94732,96730,97540,97380,93592,94164,97185,96884,95795,96613,90949,95797,97184,97387,97464,96589,94971
53,94388,94036,93636,87544,94310,92442,94033,86047,92349,92872,94214,87482,93524,95389,94895,83148,81309,94603,95548,88209,92135,73971,89334,92987,94609,95463,93914,90942,96722,96837,96247,94046,96367,96343,96366,95363,96461,96380,96774,94211,96452,97341,97195,93154,93699,96735,96595,95417,96368,90399,95436,96969,97199,97242,96318,94602
54,94022,93495,93081,86479,93917,91682,93449,84880,91778,92271,93691,86148,93115,95027,94486,81919,80027,94062,95162,87200,91453,72469,88370,92325,94136,95108,93480,90321,96496,96525,95925,93609,96083,96015,96002,94902,96235,96096,96476,93615,96198,97131,96996,92697,93139,96412,96297,95013,96120,89804,95076,96756,96977,96955,96019,94214
55,93642,92920,92473,85313,93437,90870,92856,83736,91128,91605,93091,84678,92669,94619,94048,80584,78716,93433,94747,86131,90820,70852,87331,91597,93587,94699,93032,89664,96249,96246,95576,93098,95798,95664,95592,94490,95959,95806,96168,93019,95885,96891,96783,92146,92624,96140,95941,94562,95842,89165,94663,96346,96728,96677,95690,93809
56,93224,92276,91859,84154,92956,89984,92117,82413,90425,90899,92442,83186,92158,94190,93574,79183,77140,93082,94271,84993,90180,69154,86188,90789,93026,94307,92499,88951,96006,95969,95211,92549,95491,95302,95056,94063,95584,95481,95833,92373,95625,96644,96562,91550,92104,95832,95577,94090,95554,88448,94225,95958,96496,96389,95343,93376
57,92785,91657,91197,82806,92430,89062,91375,81174,89687,90131,91767,81564,91633,93698,93052,77568,75623,92393,93705,83769,89482,67449,84959,90041,92411,93838,91933,88194,95720,95629,94789,92015,95155,94870,94563,93602,95260,95156,95470,91728,95258,96370,96319,90971,91469,95480,95190,93559,95256,87698,93715,95516,96238,96087,94963,92917
58,92316,90869,90470,81464,91846,88051,90665,79455,88977,89327,91015,79995,91005,93166,92490,75895,74045,91652,93137,82441,88721,65617,83672,89158,91735,93296,91334,87377,95429,95314,94377,91435,94774,94399,94119,93093,94838,94787,95083,91011,94851,96065,96066,90370,90840,95075,94809,92986,94952,86879,93147,95115,95969,95777,94561,92429
59,91781,90071,89618,80000,91223,86916,89832,77880,88154,88500,90220,78288,90419,92587,91861,74087,72436,90819,92522,81009,87947,63773,82282,88296,91034,92716,90659,86538,95093,94905,93891,90833,94364,93893,93618,92536,94459,94400,94651,90257,94430,95767,95789,89616,90134,94548,94400,92372,94599,86016,92476,94675,95671,95375,94124,91913
60,91208,89208,88748,78360,90576,85667,88945,76136,87268,87629,89339,76537,89792,91957,91169,72102,70531,90327,91905,79553,87159,61859,80730,87223,90277,92109,89943,85651,94713,94503,93433,90159,93933,93313,93086,91851,94027,94003,94202,89470,93911,95407,95488,88790,89373,94197,93934,91713,94273,85081,91856,94282,95359,94966,93634,91357
61,90571,88260,87838,76700,89835,84392,87975,74197,86319,86709,88402,74661,88938,91258,90430,70223,68698,89646,91164,77978,86262,59580,79222,86236,89472,91488,89164,84690,94332,94011,92909,89429,93448,92736,92510,91265,93569,93613,93688,88605,93443,95036,95168,87998,88473,94053,93434,90991,93843,84032,91167,93768,95036,94513,93117,90737
62,89902,87157,86843,74969,89076,82954,86919,72612,85284,85758,87417,72756,88010,90485,89613,68320,66704,88944,90294,76349,85266,57589,77462,85045,88589,90757,88334,83709,93901,93489,92356,88654,92942,92024,91854,90609,93085,93186,93172,87666,92927,94620,94803,87130,87609,93437,92858,90203,93404,83071,90379,93274,94679,94059,92555,90086
63,89145,86007,85805,73122,88202,81464,85834,70964,84181,84772,86313,70737,87089,89647,88719,66189,64524,87995,89395,74618,84266,55215,75596,83589,87642,89922,87428,82591,93426,92878,91760,87874,92353,91318,91161,89905,92564,92713,92566,86640,92290,94171,94417,86060,86711,92679,92229,89377,92925,81885,89574,92715,94290,93491,91927,89341
64,88355,84864,84695,71156,87334,79786,84682,69023,82903,83703,85274,68808,86119,88704,87874,63888,62310,86649,88461,72790,83213,53111,73632,82384,86623,89094,86499,81512,92982,92277,91111,86909,91735,90540,90302,88922,91927,92211,91975,85661,91633,93686,94071,84906,85817,91892,91632,88507,92371,80766,88723,92063,93887,92908,91280,88599
65,87488,83593,83437,69090,86338,77999,83314,66899,81708,82619,84041,66697,85087,87677,86892,61567,60097,85408,87339,70954,82033,50886,71676,81006,85573,88140,85417,80305,92409,91640,90442,85861,91055,89638,89400,87879,91335,91669,91299,84555,90926,93123,93652,83877,84739,91007,90919,87609,91827,79521,87770,91493,93440,92211,90551,87762
66,86546,82290,82144,67059,85204,76102,81952,64718,80243,81427,82736,64522,83830,86567,85792,59285,57620,84584,86138,68925,80672,48629,69622,79407,84374,87052,84274,79006,91795,90904,89619,84847,90320,88650,88408,86895,90629,91087,90566,83461,90245,92549,93187,82865,83754,90218,90177,86611,91161,78215,86686,90736,92939,91491,89762,86854
67,85472,80941,80730,64906,84000,74175,80586,62499,78764,80183,81404,62319,82617,85388,84688,57061,55477,83282,84907,66965,79383,46650,67521,77838,83117,85921,83005,77579,91163,90140,88813,83665,89526,87666,87309,85845,89979,90468,89812,82288,89431,91903,92701,81676,82686,89360,89414,85594,90504,76956,85627,89925,92410,90770,88891,85855
68,84309,79455,79329,62771,82684,72196,79007,60182,77269,78906,79931,60031,81120,84158,83459,54707,53167,81892,83530,64917,77999,44168,65333,75944,81851,84755,81645,76150,90378,89304,87975,82377,88699,86600,86258,84826,89160,89800,88971,80945,88549,91219,92150,80413,81496,88693,88587,84508,89765,75351,84426,89073,91831,89890,87985,84807
69,83111,77977,77844,60342,81234,70162,77429,58076,75777,77590,78392,57740,79438,82765,82173,52274,51019,80394,82008,62776,76581,41919,63079,74136,80437,83498,80151,74612,89589,88486,87084,80901,87779,85439,85114,83931,88417,89125,88129,79593,87693,90472,91555,79096,80257,87786,87679,83367,88932,73809,83231,88113,91219,89055,86979,83687
70,81772,76390,76136,57955,79712,67864,75680,55757,74015,76136,76700,55385,77632,81295,80789,49918,48706,78773,80475,60492,74961,39571,60540,72149,78846,81991,78505,73003,88809,87602,86052,79242,86829,84034,83779,82627,87516,88348,87168,78032,86700,89651,90917,77638,78822,86870,86656,82106,88084,72103,81910,87275,90499,88031,85879,82486
71,80244,74729,74378,55554,78104,65636,73704,53046,72224,74610,74907,53004,75857,79728,79364,47486,46553,76960,78694,58161,73174,37074,58078,70064,77215,80477,76808,71268,87894,86589,84979,77511,85702,82636,82410,81227,86525,87531,86144,76351,85432,88774,90236,76095,77500,86228,85577,80743,87115,70136,80376,86280,89739,86916,84633,81163
72,78663,72999,72507,52982,76460,63190,71786,50734,70408,73002,73019,50486,73883,77965,77742,45018,44430,74963,76829,55766,71343,34747,55321,68131,75476,78765,74953,69436,86854,85567,83822,75610,84529,81096,81039,79726,85529,86661,85027,74644,84202,87748,89442,74431,75962,85243,84398,79265,86003,68165,78675,85013,88836,85762,83313,79739
73,76927,71078,70518,50397,74623,60624,69610,48235,68402,71212,70966,47994,71764,76138,75978,42548,42300,72655,74741,53308,69323,32378,52602,65824,73554,76938,72930,67496,85656,84398,82477,73577,83191,79412,79346,78065,84406,85679,83755,72818,82650,86611,88582,72604,74350,83762,83086,77689,84817,65926,76621,83529,87794,84455,81877,78230
74,74986,68906,68342,47780,72614,58074,67271,45606,66072,69356,68781,45484,69314,74048,74073,40000,40043,70859,72433,50760,67081,29974,49858,63442,71509,74843,70779,65436,84417,82977,81211,71208,81791,77617,77532,76151,83020,84595,82352,70837,80979,85378,87612,70530,72420,82152,81695,75942,83444,63492,74446,82011,86657,82935,80298,76591
75,72940,66524,66045,45010,70482,55504,64636,42856,63807,67352,66324,42725,67102,71816,72014,37430,37833,68855,69847,48147,64805,27611,47110,60810,69308,72559,68477,63235,83015,81469,79714,68574,80243,75482,75464,74274,81612,83418,80768,68533,79236,83992,86577,68302,70469,80265,80168,73979,81875,60888,72051,80286,85395,81333,78568,74775
76,70772,64118,63578,42059,68169,52636,61743,40318,61419,65192,63795,39975,64423,69343,69753,34843,35448,66483,67042,45455,62279,25371,44401,57825,66902,70126,66023,60924,81493,79749,78067,65834,78591,73158,73247,72120,80105,82079,79024,66128,77358,82452,85397,65943,68310,78872,78514,71827,80106,58229,69548,78382,83974,79688,76705,72857
77,68358,61350,60897,39329,65647,49729,58912,37742,58735,62825,61074,37315,61709,66756,67243,32180,33021,62809,64146,42763,59554,23120,41290,54767,64314,67455,63326,58489,79884,77782,76219,62863,76795,70651,70894,69544,78462,80622,77060,63711,75277,80765,84049,63334,66038,76488,76562,69473,78194,55324,66931,76302,82414,77913,74666,70804
78,65671,58523,57943,36406,62923,46576,55784,34759,55970,60351,58079,34570,58510,63893,64615,29538,30707,60790,61158,39954,56663,20886,38239,52056,61580,64629,60493,55898,78064,75719,74223,59682,74814,67871,68222,67087,76440,79012,74852,60855,72949,78840,82569,60487,63432,74485,74390,66928,76048,52182,63927,74017,80637,75893,72439,68600
79,62878,55379,54840,33456,60056,43446,52399,32197,52967,57712,54908,31894,55102,60836,61744,26977,28197,58308,57839,37094,53634,18794,35096,48811,58626,61540,57530,53140,76023,73513,71992,56086,72653,64750,65161,64031,74280,77210,72384,57805,70114,76689,80898,57411,60484,72003,72064,64092,73659,49005,60584,71347,78615,73599,69978,66251
80,59872,52376,51589,30619,57044,40261,48984,29286,49851,54871,51632,29094,51747,57581,58683,24470,25859,54524,54421,34220,50227,16753,32181,45676,55562,58384,54355,50341,73729,70951,69420,52412,70319,61510,62207,61322,71817,75198,69673,54663,67208,74326,79105,54132,57472,69852,69566,61026,70906,45596,57191,68402,76267,71155,67244,63746
81,56603,48921,48295,27515,53891,36831,45472,26587,46482,51878,48132,26395,47737,54167,55393,22096,23674,51309,50598,31309,46645,14918,29219,42126,52236,54734,50896,47390,71123,68071,66546,48521,67753,57991,58988,57960,68902,72952,66668,51202,64113,71688,77004,50666,54223,67097,66681,57705,67588,42100,53413,65130,73586,68385,64290,61086
82,53165,45488,44848,24643,50471,33455,41935,23949,43076,48670,44545,23700,44016,50471,51992,19757,21290,47793,46770,28364,42964,13122,25970,38794,48744,51054,47381,44322,68423,65006,63422,44386,64925,54156,55785,54291,65952,70389,63413,47638,60674,68720,74757,47070,50846,64053,63491,54172,64134,38423,49415,61808,70665,65492,61163,58251
83,49594,41906,41138,21646,47065,30035,38093,21430,39713,45317,40870,20956,39664,46587,48459,17432,18685,43996,42809,25487,39161,11472,22857,35727,45071,47245,43693,41113,65258,61431,60001,39995,61926,50044,52342,50468,62684,67538,59829,43765,57038,65471,72232,43266,47059,60717,59992,50378,60267,34787,45219,57896,67377,62222,57802,55196
84,45722,38142,37281,18664,43422,26753,34291,19256,36221,41873,37211,18496,35747,42555,44744,15301,16484,39956,38833,22644,35364,9910,19742,31664,41420,43226,39937,37905,61844,57585,56315,35627,58772,45705,48734,46679,58914,64430,55969,39945,53140,61907,69455,39387,43004,57090,56385,46376,56084,31152,40810,53771,63807,58602,54170,52024
85,41850,34411,33326,16036,39660,23443,30443,16705,32463,38265,33455,16119,31667,38477,40913,13279,14156,35729,34814,19878,31622,8493,17101,28355,37619,39082,36115,34611,58211,53462,52356,31371,55271,41294,45078,42713,54917,60986,51754,36088,49064,58078,66357,35517,39032,53187,52469,42261,51842,27580,36310,49420,59915,54677,50398,48670
86,37742,30561,29481,13522,35880,20132,26930,14376,28861,34516,29696,13822,27908,34364,37000,11439,12073,31390,30803,17275,27865,7136,14598,24786,33780,34756,32271,31282,54306,48981,48134,27020,51640,36779,41261,38483,50579,57141,47357,32163,44832,53868,62968,31612,34919,49035,48491,37963,47429,23967,31812,44638,55707,50524,46478,45141
87,33812,26679,25572,11386,32028,16968,23309,12280,25241,30694,26041,11696,24360,30315,33110,9807,10296,27033,26898,14786,24120,5982,12303,21608,29942,30629,28518,27928,50086,44414,43615,23013,47840,32212,37233,34015,46453,52973,42791,28329,40399,49426,59256,27697,30929,44672,44011,33595,43007,20674,27579,39951,51167,46229,42404,41461
88,29755,23036,21911,9334,28170,13890,19866,10244,21767,26894,22376,9779,20645,26318,29269,8280,8664,22762,23197,12370,20786,4926,10133,18695,26148,26353,24765,24598,45722,39534,39079,19130,43791,27679,33139,29666,41512,48494,37937,24497,35980,44644,55250,23833,26840,40155,39568,29411,38297,17519,23343,35368,46537,41442,38224,37640
89,25782,19494,18425,7520,24379,11307,16577,8494,18137,23241,18986,8203,17340,22593,25530,6794,7218,18691,19582,10322,17547,3952,8269,15508,22533,22301,21305,21362,41135,34847,34567,15629,39645,23602,29340,25558,36761,43834,33209,21076,31746,40017,51038,20256,22936,35553,35086,25389,33851,14593,19669,30944,41661,36776,34108,33783
90,21947,15974,15051,5673,20683,8814,13624,6934,15086,19551,15533,6696,14513,18638,21870,5393,5939,14926,16153,8341,14366,3122,6580,12557,18934,18494,17814,18203,36327,29841,29833,12283,35158,19358,25273,21623,31788,38897,28212,17620,28040,34762,46467,16817,19251,30950,30258,21373,29135,11900,16024,26423,36570,31887,29763,29915
91,18447,13071,12389,4358,17354,6971,10975,5567,12411,16511,12999,5678,12207,15720,18501,4193,4725,11560,13181,6803,11885,2401,5354,10157,15749,15084,14897,15299,31696,25427,25861,9832,30914,15960,21454,17933,27276,34478,24304,15137,24140,30487,41984,13672,16178,26439,25867,17910,24948,9413,13235,22313,31745,27479,25863,26154
92,15176,10498,10021,3261,14088,5296,8419,4391,9901,13496,10299,4721,10204,12733,15336,3189,3695,8659,10403,5427,9527,1831,4256,8048,12810,11973,12122,12557,27156,21262,21705,7461,26724,12567,18042,14553,22718,29831,20198,12571,20757,25798,37285,10866,13063,22117,21573,14660,20905,7357,10470,18473,26911,23132,21995,22443
93,12101,8021,7575,2469,11301,3842,6435,3401,7674,10787,7906,3803,8380,10142,12505,2369,2835,6257,8007,4171,7392,1377,3248,6238,10186,9249,9570,10084,22736,17070,17610,5735,22513,9540,14917,11535,18383,25342,16219,10076,17409,21553,32594,8427,10305,18079,17761,11599,17091,5693,8123,14967,22423,18863,18189,18916
94,9420,6314,5734,1799,8800,2801,4726,2582,5905,8505,6002,3039,6495,7812,9929,1717,2131,4351,6027,3120,5607,1003,2431,4723,7946,6849,7399,7909,18666,13579,14014,4075,18828,7079,11870,8914,14745,21340,12887,7968,14553,17504,27896,6366,7928,14409,14217,9003,13577,4258,6152,11847,18329,15028,14825,15603
95,7140,4671,4097,1266,6795,2001,3440,1921,4380,6303,4326,2296,4998,5889,7730,1213,1569,2905,4433,2225,4020,700,1784,3489,6037,4864,5543,6037,14887,10360,10887,2889,15399,5066,9123,6703,11590,17040,9740,6036,11668,13920,23465,4677,5937,11172,10994,6700,10538,3074,4541,9144,14649,11603,11761,12596
96,5298,3347,2886,878,5066,1339,2443,1399,3132,4636,3093,1735,3770,4302,5877,834,1129,1859,3182,1608,2909,493,1281,2511,4473,3418,4078,4534,11634,7692,8245,2003,12244,3552,6938,4896,8732,13449,7237,4529,9155,10749,19354,3336,4322,8407,8314,4930,8058,2182,3263,6870,11348,8749,9138,9972
97,3819,2327,1969,594,3674,867,1685,997,2173,3310,2147,1289,2786,3054,4356,558,794,1139,2219,1135,2048,340,900,1758,3225,2323,2919,3317,8837,5526,6058,1348,9490,2407,5134,3468,6371,10316,5209,3316,7020,8059,15589,2307,3053,6128,6097,3522,5998,1507,2280,5016,8536,6388,6918,7705
98,2671,1568,1300,392,2587,543,1128,694,1461,2290,1444,941,2014,2103,3144,363,546,668,1502,781,1402,230,618,1197,2260,1524,2029,2360,6511,3833,4311,879,7157,1574,3690,2379,4494,7674,3624,2366,5253,5856,12235,1545,2090,4318,4329,2440,4338,1011,1547,3552,6222,4507,5093,5800
99,1809,1022,830,252,1766,328,732,471,951,1533,940,675,1424,1404,2206,229,366,375,985,524,932,151,415,791,1536,964,1369,1631,4645,2563,2966,556,5242,992,2573,1578,3058,5524,2434,1644,3831,4115,9338,1001,1384,2936,2970,1637,3044,659,1018,2437,4387,3068,3640,4247
100,1186,645,511,157,1168,192,460,313,599,992,592,475,983,907,1503,140,239,201,626,342,601,97,272,508,1013,587,896,1094,3201,1650,1970,340,3722,602,1737,1011,2005,3841,1575,1111,2719,2792,6916,626,887,1923,1966,1062,2070,416,649,1618,2987,2011,2523,3021
101,751,393,304,96,748,108,280,202,364,620,361,328,663,567,994,83,152,103,385,217,376,61,174,316,646,345,568,711,2129,1022,1262,201,2559,352,1135,625,1265,2575,982,730,1876,1827,4961,378,549,1212,1254,666,1362,255,401,1038,1960,1268,1693,2084
102,460,231,174,57,463,59,165,127,214,374,212,222,436,343,637,48,94,51,229,134,228,37,109,190,399,195,348,447,1364,608,778,115,1700,198,717,373,767,1662,589,465,1257,1151,3441,221,328,735,770,403,867,151,240,643,1239,768,1098,1392
103,272,131,97,33,277,31,94,78,121,218,121,147,279,200,396,27,57,24,132,81,134,22,66,111,239,106,207,273,842,347,462,64,1091,107,437,215,447,1032,339,288,817,698,2303,124,189,428,455,236,533,87,139,384,753,447,689,900
104,155,72,52,18,160,16,52,47,67,122,66,95,175,113,238,15,34,11,73,47,76,13,39,63,138,56,119,161,500,191,264,34,675,56,257,119,250,616,188,173,515,407,1486,68,105,239,259,133,316,49,78,222,440,250,417,563
105,85,38,27,10,89,8,28,27,35,66,35,61,106,62,138,8,19,5,39,27,42,7,23,34,77,28,66,92,285,101,145,18,403,28,146,64,135,353,100,101,314,228,923,35,56,129,142,72,181,26,42,123,247,134,244,340
106,45,20,13,5,48,4,14,15,18,35,18,38,63,33,78,4,11,2,21,15,22,4,13,18,42,14,35,51,157,51,77,9,232,14,80,33,70,194,52,57,186,123,552,18,29,67,75,38,100,14,22,66,134,69,137,198
107,23,10,6,3,25,2,7,9,9,18,9,23,36,17,42,2,6,1,10,8,12,2,7,9,22,7,18,27,83,25,39,4,128,6,43,16,35,103,26,31,106,64,317,9,15,33,38,19,54,7,11,34,70,34,75,112
108,12,5,3,1,13,1,3,5,4,9,4,14,20,8,22,1,3,0,5,4,6,1,4,5,11,3,9,14,42,12,19,2,69,3,22,8,17,52,12,17,59,32,176,4,7,16,18,10,28,3,6,17,35,16,39,61
109,6,2,1,1,6,0,2,2,2,4,2,8,11,4,11,0,2,0,2,2,3,1,2,2,5,1,5,7,21,5,9,1,35,1,11,4,8,26,6,9,32,15,93,2,3,7,9,5,14,2,3,8,17,8,20,32
110,3,1,1,0,3,0,1,1,1,2,1,5,6,2,6,0,1,0,1,1,1,0,1,1,3,1,2,3,10,2,4,0,18,1,5,2,3,12,3,4,16,7,48,1,2,3,4,2,7,1,1,4,8,3,10,16
